{
  "charity_causes": 
  [
    {"id":"1",
    "area":"Northern Africa",
    "country":"Tunisia",
    "category":"agricultural development",
    "description":"create sustainable fishing",
    "charity_name":"tbd",
    "cost":"600",
    "completed": false,
    "presentation":""},

    {"id":"2",
    "area":"Northern Africa",
    "country":"Morocco",
    "category":"feeding isolated areas",
    "description":"buy food packs for a remote area",
    "charity_name":"tbd",
    "cost":"200",
    "completed": false,    
    "presentation":""},

    {"id":"3",
    "area":"Northern Africa",
    "country":"Algeria",
    "category":"farming",
    "description":"construct irrigation channels",
    "charity_name":"tbd",
    "cost":"1000",
    "completed": false,
    "presentation":""},

    {"id":"4",
    "area": "Northern Africa",
    "country": "Egypt",
    "category":"homes for everyone",
    "description":"support homeless housing ventures",
    "charity_name":"tbd",
    "cost":"1000",
    "completed": false,
    "presentation":""},

    {"id":"5",
    "area":"Northern Africa",
    "country":"Libya",
    "category":"eductation",
    "description":"fund teachers for child education",
    "charity_name":"tbd",
    "cost":"600",
    "completed": false,
    "presentation":""},

    {"id":"6",
    "area":"Northern Africa",
    "country":"West Sahara",
    "category":"fishing",
    "description":"develop sustainable fishing",
    "charity_name":"tbd",
    "cost":"1200",
    "completed": false,
    "presentation":""},

    {"id":"7",
    "area":"Western Africa",
    "country":"Mauritania",
    "category":"tourism",
    "description":"assist villager tourism management",
    "charity_name":"tbd",
    "cost":"1500",
    "completed": false,
    "presentation":""},

    {"id":"8",
    "area": "Western Africa",
    "country": "Niger",
    "category":"supplying water",
    "description":"construct a well",
    "charity_name":"tbd",
    "cost":"500",
    "completed": false,
    "presentation":""},

    {"id":"9",
    "area":"Northern Africa",
    "country":"Sudan",
    "category":"clean water",
    "description":"provide tank water to areas under development",
    "charity_name":"tbd",
    "cost":"1500",
    "completed": false,
    "presentation":""},

    {"id":"10",
    "area":"Central Africa",
    "country":"Chad",
    "category":"immunisations",
    "description":"immunise vulnerable populations",
    "charity_name":"tbd",
    "cost":"200",
    "completed": false,
    "presentation":""},

    {"id":"11",
    "area":"Western Africa",
    "country":"Mali",
    "category":"eyesight repair",
    "description":"fund an eye surgery",
    "charity_name":"tbd",
    "cost":"600",
    "completed": false,
    "presentation":""},

    {"id":"12",
    "area": "Western Africa",
    "country": "Senegal",
    "category":"forestry",
    "description":"develop sustainable timber jobs",
    "charity_name":"tbd",
    "cost":"1100",
    "completed": false,
    "presentation":""},

    {"id":"13",
    "area":"Western Africa",
    "country":"Nigeria",
    "category":"education",
    "description":"educate the adult workforce in trades",
    "charity_name":"tbd",
    "cost":"800",
    "completed": false,
    "presentation":""},

    {"id":"14",
    "area":"Eastern Africa",
    "country":"Ethiopia",
    "category":"feeding families",
    "description":"provide basic food packs",
    "charity_name":"tbd",
    "cost":"200",
    "completed": false,
    "presentation":""},

    {"id":"15",
    "area":"Eastern Africa",
    "country":"Somalia",
    "category":"fishing",
    "description":"help create sustainable fishing practices",
    "charity_name":"tbd",
    "cost":"1000",
    "completed": false,
    "presentation":""},

    {"id":"16",
    "area": "Western Africa",
    "country": "Ghana",
    "category":"exportation of goods",
    "description":"support handmade exports",
    "charity_name":"tbd",
    "cost":"300",
    "completed": false,
    "presentation":""},

    {"id":"17",
    "area":"Eastern Africa",
    "country":"South Sudan",
    "category":"security",
    "description":"support ethical security management",
    "charity_name":"tbd",
    "cost":"2000",
    "completed": false,
    "presentation":""},

    {"id":"18",
    "area":"Central Africa",
    "country":"Cameroon",
    "category":"education",
    "description":"support education for some of the 263 million children and youth in Cameroon",
    "charity_name":"Hope for Children",
    "cost":"2000",
    "completed": false,
    "presentation":""},

    {"id":"19",
    "area":"Eastern Africa",
    "country":"Kenya",
    "category":"medical supplies",
    "description":"provide medical supplies to remote areas",
    "charity_name":"tbd",
    "cost":"400",
    "completed": false,
    "presentation":""},

    {"id":"20",
    "area":"Central Africa",
    "country":"Democratic Republic of the Congo",
    "category":"tourism",
    "description":"sponsor best practices tourism and jungle management",
    "charity_name":"tbd",
    "cost":"2000",
    "completed": false,
    "presentation":""},

    {"id":"21",
    "area":"Eastern Africa",
    "country":"Nairobi",
    "category":"food and nutrition",
    "description":"provide basic food packs and supplies",
    "charity_name":"tbd",
    "cost":"500",
    "completed": false,
    "presentation":""},

    {"id":"22",
    "area":"Eastern Africa",
    "country":"Tanzania",
    "category":"farming",
    "description":"train in agricultural practices",
    "charity_name":"tbd",
    "cost":"2000",
    "completed": false,
    "presentation":""},

    {"id":"23",
    "area":"Central Africa",
    "country":"Angola",
    "category":"farming",
    "description":"contribute to new developments in fruit farming",
    "charity_name":"tbd",
    "cost":"1500",
    "completed": false,
    "presentation":""},

    {"id":"24",
    "area":"Southern Africa",
    "country":"Zambia",
    "category":"feeding isolated populations",
    "description":"provide food and nutrition packs",
    "charity_name":"tbd",
    "cost":"300",
    "completed": false,
    "presentation":""},

    {"id":"25",
    "area":"Southern Africa",
    "country":"Zimbabwe",
    "category":"farming",
    "description":"re-establish sustainable farming practices",
    "charity_name":"tbd",
    "cost":"3000",
    "completed": false,
    "presentation":""},

    {"id":"26",
    "area":"Southern Africa",
    "country":"Namibia",
    "category":"transport",
    "description":"create new public transports to major centers",
    "charity_name":"tbd",
    "cost":"1500",
    "completed": false,
    "presentation":""},

    {"id":"27",
    "area":"Southern Africa",
    "country":"Botswana",
    "category":"tourism",
    "description":"support local safari development",
    "charity_name":"tbd",
    "cost":"1400",
    "completed": false,
    "presentation":""},

    {"id":"28",
    "area":"Southern Africa",
    "country":"Swaziland",
    "category":"education",
    "description":"provide education resources",
    "charity_name":"tbd",
    "cost":"1200",
    "completed": false,
    "presentation":""},

    {"id":"29",
    "area":"Southern Africa",
    "country":"Lesotho",
    "category":"tourism",
    "description":"develop tourism practices",
    "charity_name":"tbd",
    "cost":"900",
    "completed": false,
    "presentation":""},

    {"id":"30",
    "area": "Southern Africa",
    "country": "South Africa",
    "category":"the homeless",
    "description":"provide food and cleaning for the homeless",
    "charity_name":"tbd",
    "cost":"800",
    "completed": false,
    "presentation":""}

  ],

"userdata" : 
    {
        "charity_coins":2500, 
        "budget":"300", 
        "username": "__default__"
    }
}